Customer_id,loan_id,LoanType,LoanAmount,InterestRate,StartDate_ID,EndDate
2,2,Mortgage,32428.9,2.12,541,2050-01-08
2,3,Personal,31406.77,4.63,424,2038-10-12
2,5,Auto,27873.08,7.03,750,2037-06-03
3,6,Auto,25666.75,6.84,1225,2039-04-28
3,7,Personal,23853.85,7.41,1491,2038-02-12
3,8,Personal,8092.2,2.85,596,2036-04-08
4,9,Personal,11074.47,5.36,773,2032-05-06
4,10,Personal,38903.23,2.28,561,2042-10-07
5,11,Personal,18162.6,2.12,1409,2028-11-08
6,12,Mortgage,12965.19,7.43,929,2032-12-27
7,13,Mortgage,37664.6,4.45,1086,2033-01-26
11,14,Auto,33958.37,5.2,1084,2036-09-06
11,16,Mortgage,24333.16,1.79,1386,2025-11-18
12,17,Auto,26360.24,2.89,239,2026-05-20
13,19,Mortgage,19565.92,3.28,1063,2050-11-01
5,11,Personal,18162.6,2.12,1409,2028-11-08
15,21,Personal,42684.76,1.96,1476,2048-02-15
16,22,Mortgage,34427.31,4.02,938,2031-01-18
16,23,Auto,17430.29,2.8,1385,2045-12-04
16,24,Auto,14964.93,5.33,357,2042-10-19
17,25,Mortgage,35994.71,3.52,1342,2048-05-11
17,25,Mortgage,35994.71,3.52,1342,2048-05-11
20,28,Mortgage,35911.84,4.0,1142,2045-02-21
20,30,Personal,26011.89,6.82,11,2049-05-18
2,2,Mortgage,32428.9,2.12,541,2050-01-08
2,3,Personal,31406.77,4.63,424,2038-10-12
2,5,Auto,27873.08,7.03,750,2037-06-03
21,31,Auto,26282.21,3.51,9,2049-11-06
21,32,Mortgage,40432.8,4.29,1387,2052-01-14
21,33,Auto,49124.49,5.58,1040,2031-07-07
22,34,Personal,48233.91,4.7,1433,2048-03-25
22,35,Mortgage,5710.02,5.45,1428,2047-03-11
5,11,Personal,18162.6,2.12,1409,2028-11-08
26,37,Mortgage,35193.83,1.85,383,2029-09-08
4,9,Personal,11074.47,5.36,773,2032-05-06
4,10,Personal,38903.23,2.28,561,2042-10-07
27,38,Personal,38009.14,5.8,1197,2052-03-25
28,41,Personal,32850.56,2.81,694,2030-09-22
29,42,Mortgage,13931.18,3.35,396,2036-10-09
30,43,Auto,48933.91,4.43,219,2036-11-01
28,41,Personal,32850.56,2.81,694,2030-09-22
16,22,Mortgage,34427.31,4.02,938,2031-01-18
16,23,Auto,17430.29,2.8,1385,2045-12-04
16,24,Auto,14964.93,5.33,357,2042-10-19
32,45,Mortgage,19607.01,2.93,1296,2033-05-07
32,46,Auto,39348.0,4.95,40,2030-01-30
33,47,Auto,49675.33,3.89,713,2036-08-10
33,48,Personal,31033.48,5.66,1411,2051-04-06
34,50,Personal,8419.93,4.1,668,2038-03-25
35,51,Auto,20109.87,4.66,547,2053-07-24
3,6,Auto,25666.75,6.84,1225,2039-04-28
3,7,Personal,23853.85,7.41,1491,2038-02-12
3,8,Personal,8092.2,2.85,596,2036-04-08
21,31,Auto,26282.21,3.51,9,2049-11-06
21,32,Mortgage,40432.8,4.29,1387,2052-01-14
21,33,Auto,49124.49,5.58,1040,2031-07-07
21,31,Auto,26282.21,3.51,9,2049-11-06
21,32,Mortgage,40432.8,4.29,1387,2052-01-14
21,33,Auto,49124.49,5.58,1040,2031-07-07
6,12,Mortgage,12965.19,7.43,929,2032-12-27
2,2,Mortgage,32428.9,2.12,541,2050-01-08
2,3,Personal,31406.77,4.63,424,2038-10-12
2,5,Auto,27873.08,7.03,750,2037-06-03
12,17,Auto,26360.24,2.89,239,2026-05-20
38,52,Auto,47203.82,5.28,532,2044-11-15
39,53,Mortgage,27719.17,1.54,774,2053-07-27
40,54,Auto,38994.49,5.55,359,2026-08-31
41,55,Personal,28988.77,3.06,83,2028-05-28
12,17,Auto,26360.24,2.89,239,2026-05-20
28,41,Personal,32850.56,2.81,694,2030-09-22
6,12,Mortgage,12965.19,7.43,929,2032-12-27
43,56,Auto,39189.96,6.36,1307,2027-03-06
32,45,Mortgage,19607.01,2.93,1296,2033-05-07
32,46,Auto,39348.0,4.95,40,2030-01-30
45,57,Personal,19635.04,4.89,580,2026-01-11
45,58,Mortgage,42324.23,5.25,1190,2042-03-23
46,59,Auto,19426.95,7.29,535,2027-09-17
46,60,Mortgage,13967.51,6.27,1215,2028-12-24
17,25,Mortgage,35994.71,3.52,1342,2048-05-11
5,11,Personal,18162.6,2.12,1409,2028-11-08
32,45,Mortgage,19607.01,2.93,1296,2033-05-07
32,46,Auto,39348.0,4.95,40,2030-01-30
47,61,Auto,35115.06,5.87,1340,2027-05-28
48,62,Auto,32793.41,3.97,243,2042-06-07
48,63,Auto,36341.34,4.43,515,2045-04-13
48,64,Mortgage,49303.25,3.12,233,2044-05-31
15,21,Personal,42684.76,1.96,1476,2048-02-15
46,59,Auto,19426.95,7.29,535,2027-09-17
46,60,Mortgage,13967.51,6.27,1215,2028-12-24
22,34,Personal,48233.91,4.7,1433,2048-03-25
22,35,Mortgage,5710.02,5.45,1428,2047-03-11
39,53,Mortgage,27719.17,1.54,774,2053-07-27
3,6,Auto,25666.75,6.84,1225,2039-04-28
3,7,Personal,23853.85,7.41,1491,2038-02-12
3,8,Personal,8092.2,2.85,596,2036-04-08
17,25,Mortgage,35994.71,3.52,1342,2048-05-11
6,12,Mortgage,12965.19,7.43,929,2032-12-27
50,65,Mortgage,15237.0,2.48,845,2050-08-30
50,66,Personal,29065.5,2.95,459,2029-10-01
51,67,Auto,44125.94,6.1,642,2046-01-04
51,69,Personal,30019.7,7.25,877,2047-06-19
51,70,Mortgage,46713.9,2.13,25,2033-08-24
51,71,Personal,45761.17,7.22,992,2043-11-06
40,54,Auto,38994.49,5.55,359,2026-08-31
53,72,Mortgage,38402.89,4.64,146,2048-01-31
53,74,Mortgage,32936.11,6.22,360,2025-03-21
29,42,Mortgage,13931.18,3.35,396,2036-10-09
55,75,Auto,30356.38,5.99,153,2042-07-30
57,77,Personal,11928.9,3.05,107,2035-09-03
57,78,Personal,22108.89,6.6,1023,2026-08-27
22,34,Personal,48233.91,4.7,1433,2048-03-25
22,35,Mortgage,5710.02,5.45,1428,2047-03-11
58,79,Mortgage,48863.64,2.42,696,2034-05-16
59,81,Mortgage,42415.32,1.81,277,2039-07-31
60,82,Personal,33579.17,4.84,922,2029-09-09
60,83,Mortgage,20706.59,5.64,420,2047-04-20
6,12,Mortgage,12965.19,7.43,929,2032-12-27
61,84,Mortgage,25100.13,7.29,496,2046-11-02
58,79,Mortgage,48863.64,2.42,696,2034-05-16
33,47,Auto,49675.33,3.89,713,2036-08-10
33,48,Personal,31033.48,5.66,1411,2051-04-06
62,86,Personal,41527.61,5.85,248,2031-12-30
62,87,Mortgage,15916.26,6.87,408,2041-08-14
62,88,Personal,46270.1,6.0,1139,2030-11-25
12,17,Auto,26360.24,2.89,239,2026-05-20
26,37,Mortgage,35193.83,1.85,383,2029-09-08
28,41,Personal,32850.56,2.81,694,2030-09-22
38,52,Auto,47203.82,5.28,532,2044-11-15
28,41,Personal,32850.56,2.81,694,2030-09-22
46,59,Auto,19426.95,7.29,535,2027-09-17
46,60,Mortgage,13967.51,6.27,1215,2028-12-24
43,56,Auto,39189.96,6.36,1307,2027-03-06
12,17,Auto,26360.24,2.89,239,2026-05-20
3,6,Auto,25666.75,6.84,1225,2039-04-28
3,7,Personal,23853.85,7.41,1491,2038-02-12
3,8,Personal,8092.2,2.85,596,2036-04-08
63,89,Mortgage,36110.97,6.9,881,2031-04-08
63,90,Mortgage,25453.13,5.76,937,2026-07-02
33,47,Auto,49675.33,3.89,713,2036-08-10
33,48,Personal,31033.48,5.66,1411,2051-04-06
32,45,Mortgage,19607.01,2.93,1296,2033-05-07
32,46,Auto,39348.0,4.95,40,2030-01-30
66,91,Personal,43727.85,6.46,937,2051-05-23
66,92,Personal,19769.58,6.15,227,2033-02-03
17,25,Mortgage,35994.71,3.52,1342,2048-05-11
46,59,Auto,19426.95,7.29,535,2027-09-17
46,60,Mortgage,13967.51,6.27,1215,2028-12-24
51,67,Auto,44125.94,6.1,642,2046-01-04
51,69,Personal,30019.7,7.25,877,2047-06-19
51,70,Mortgage,46713.9,2.13,25,2033-08-24
51,71,Personal,45761.17,7.22,992,2043-11-06
38,52,Auto,47203.82,5.28,532,2044-11-15
3,6,Auto,25666.75,6.84,1225,2039-04-28
3,7,Personal,23853.85,7.41,1491,2038-02-12
3,8,Personal,8092.2,2.85,596,2036-04-08
12,17,Auto,26360.24,2.89,239,2026-05-20
26,37,Mortgage,35193.83,1.85,383,2029-09-08
34,50,Personal,8419.93,4.1,668,2038-03-25
35,51,Auto,20109.87,4.66,547,2053-07-24
34,50,Personal,8419.93,4.1,668,2038-03-25
28,41,Personal,32850.56,2.81,694,2030-09-22
28,41,Personal,32850.56,2.81,694,2030-09-22
28,41,Personal,32850.56,2.81,694,2030-09-22
67,94,Auto,35885.02,5.32,1375,2037-08-19
67,96,Auto,10490.65,2.46,1248,2032-09-14
39,53,Mortgage,27719.17,1.54,774,2053-07-27
26,37,Mortgage,35193.83,1.85,383,2029-09-08
6,12,Mortgage,12965.19,7.43,929,2032-12-27
57,77,Personal,11928.9,3.05,107,2035-09-03
57,78,Personal,22108.89,6.6,1023,2026-08-27
50,65,Mortgage,15237.0,2.48,845,2050-08-30
50,66,Personal,29065.5,2.95,459,2029-10-01
38,52,Auto,47203.82,5.28,532,2044-11-15
12,17,Auto,26360.24,2.89,239,2026-05-20
68,97,Auto,38654.49,7.2,1303,2026-04-06
50,65,Mortgage,15237.0,2.48,845,2050-08-30
50,66,Personal,29065.5,2.95,459,2029-10-01
7,13,Mortgage,37664.6,4.45,1086,2033-01-26
6,12,Mortgage,12965.19,7.43,929,2032-12-27
68,97,Auto,38654.49,7.2,1303,2026-04-06
47,61,Auto,35115.06,5.87,1340,2027-05-28
50,65,Mortgage,15237.0,2.48,845,2050-08-30
50,66,Personal,29065.5,2.95,459,2029-10-01
55,75,Auto,30356.38,5.99,153,2042-07-30
17,25,Mortgage,35994.71,3.52,1342,2048-05-11
39,53,Mortgage,27719.17,1.54,774,2053-07-27
17,25,Mortgage,35994.71,3.52,1342,2048-05-11
71,99,Auto,48052.8,4.42,1372,2037-12-01
71,100,Mortgage,14654.12,6.76,1095,2046-02-02
71,101,Personal,8884.16,5.5,712,2045-10-05
71,104,Personal,42162.58,1.54,538,2027-07-04
39,53,Mortgage,27719.17,1.54,774,2053-07-27
66,91,Personal,43727.85,6.46,937,2051-05-23
66,92,Personal,19769.58,6.15,227,2033-02-03
50,65,Mortgage,15237.0,2.48,845,2050-08-30
50,66,Personal,29065.5,2.95,459,2029-10-01
50,65,Mortgage,15237.0,2.48,845,2050-08-30
50,66,Personal,29065.5,2.95,459,2029-10-01
72,106,Personal,20834.23,7.49,265,2044-10-18
38,52,Auto,47203.82,5.28,532,2044-11-15
33,47,Auto,49675.33,3.89,713,2036-08-10
33,48,Personal,31033.48,5.66,1411,2051-04-06
57,77,Personal,11928.9,3.05,107,2035-09-03
57,78,Personal,22108.89,6.6,1023,2026-08-27
35,51,Auto,20109.87,4.66,547,2053-07-24
60,82,Personal,33579.17,4.84,922,2029-09-09
60,83,Mortgage,20706.59,5.64,420,2047-04-20
15,21,Personal,42684.76,1.96,1476,2048-02-15
15,21,Personal,42684.76,1.96,1476,2048-02-15
3,6,Auto,25666.75,6.84,1225,2039-04-28
3,7,Personal,23853.85,7.41,1491,2038-02-12
3,8,Personal,8092.2,2.85,596,2036-04-08
57,77,Personal,11928.9,3.05,107,2035-09-03
57,78,Personal,22108.89,6.6,1023,2026-08-27
3,6,Auto,25666.75,6.84,1225,2039-04-28
3,7,Personal,23853.85,7.41,1491,2038-02-12
3,8,Personal,8092.2,2.85,596,2036-04-08
75,108,Mortgage,7941.64,2.2,1442,2032-05-21
75,109,Personal,47272.64,5.35,462,2028-09-24
27,38,Personal,38009.14,5.8,1197,2052-03-25
27,38,Personal,38009.14,5.8,1197,2052-03-25
67,94,Auto,35885.02,5.32,1375,2037-08-19
67,96,Auto,10490.65,2.46,1248,2032-09-14
28,41,Personal,32850.56,2.81,694,2030-09-22
12,17,Auto,26360.24,2.89,239,2026-05-20
2,2,Mortgage,32428.9,2.12,541,2050-01-08
2,3,Personal,31406.77,4.63,424,2038-10-12
2,5,Auto,27873.08,7.03,750,2037-06-03
57,77,Personal,11928.9,3.05,107,2035-09-03
57,78,Personal,22108.89,6.6,1023,2026-08-27
3,6,Auto,25666.75,6.84,1225,2039-04-28
3,7,Personal,23853.85,7.41,1491,2038-02-12
3,8,Personal,8092.2,2.85,596,2036-04-08
50,65,Mortgage,15237.0,2.48,845,2050-08-30
50,66,Personal,29065.5,2.95,459,2029-10-01
16,22,Mortgage,34427.31,4.02,938,2031-01-18
16,23,Auto,17430.29,2.8,1385,2045-12-04
16,24,Auto,14964.93,5.33,357,2042-10-19
5,11,Personal,18162.6,2.12,1409,2028-11-08
6,12,Mortgage,12965.19,7.43,929,2032-12-27
60,82,Personal,33579.17,4.84,922,2029-09-09
60,83,Mortgage,20706.59,5.64,420,2047-04-20
12,17,Auto,26360.24,2.89,239,2026-05-20
75,108,Mortgage,7941.64,2.2,1442,2032-05-21
75,109,Personal,47272.64,5.35,462,2028-09-24
17,25,Mortgage,35994.71,3.52,1342,2048-05-11
35,51,Auto,20109.87,4.66,547,2053-07-24
12,17,Auto,26360.24,2.89,239,2026-05-20
12,17,Auto,26360.24,2.89,239,2026-05-20
27,38,Personal,38009.14,5.8,1197,2052-03-25
50,65,Mortgage,15237.0,2.48,845,2050-08-30
50,66,Personal,29065.5,2.95,459,2029-10-01
53,72,Mortgage,38402.89,4.64,146,2048-01-31
53,74,Mortgage,32936.11,6.22,360,2025-03-21
75,108,Mortgage,7941.64,2.2,1442,2032-05-21
75,109,Personal,47272.64,5.35,462,2028-09-24
12,17,Auto,26360.24,2.89,239,2026-05-20
60,82,Personal,33579.17,4.84,922,2029-09-09
60,83,Mortgage,20706.59,5.64,420,2047-04-20
45,57,Personal,19635.04,4.89,580,2026-01-11
45,58,Mortgage,42324.23,5.25,1190,2042-03-23
30,43,Auto,48933.91,4.43,219,2036-11-01
6,12,Mortgage,12965.19,7.43,929,2032-12-27
46,59,Auto,19426.95,7.29,535,2027-09-17
46,60,Mortgage,13967.51,6.27,1215,2028-12-24
50,65,Mortgage,15237.0,2.48,845,2050-08-30
50,66,Personal,29065.5,2.95,459,2029-10-01
46,59,Auto,19426.95,7.29,535,2027-09-17
46,60,Mortgage,13967.51,6.27,1215,2028-12-24
13,19,Mortgage,19565.92,3.28,1063,2050-11-01
35,51,Auto,20109.87,4.66,547,2053-07-24
33,47,Auto,49675.33,3.89,713,2036-08-10
33,48,Personal,31033.48,5.66,1411,2051-04-06
12,17,Auto,26360.24,2.89,239,2026-05-20
7,13,Mortgage,37664.6,4.45,1086,2033-01-26
78,110,Personal,36095.18,4.43,18,2037-07-08
78,111,Auto,13231.5,5.89,408,2029-08-28
78,112,Mortgage,34771.89,6.08,251,2031-08-16
21,31,Auto,26282.21,3.51,9,2049-11-06
21,32,Mortgage,40432.8,4.29,1387,2052-01-14
21,33,Auto,49124.49,5.58,1040,2031-07-07
61,84,Mortgage,25100.13,7.29,496,2046-11-02
50,65,Mortgage,15237.0,2.48,845,2050-08-30
50,66,Personal,29065.5,2.95,459,2029-10-01
33,47,Auto,49675.33,3.89,713,2036-08-10
33,48,Personal,31033.48,5.66,1411,2051-04-06
6,12,Mortgage,12965.19,7.43,929,2032-12-27
28,41,Personal,32850.56,2.81,694,2030-09-22
46,59,Auto,19426.95,7.29,535,2027-09-17
46,60,Mortgage,13967.51,6.27,1215,2028-12-24
3,6,Auto,25666.75,6.84,1225,2039-04-28
3,7,Personal,23853.85,7.41,1491,2038-02-12
3,8,Personal,8092.2,2.85,596,2036-04-08
46,59,Auto,19426.95,7.29,535,2027-09-17
46,60,Mortgage,13967.51,6.27,1215,2028-12-24
38,52,Auto,47203.82,5.28,532,2044-11-15
7,13,Mortgage,37664.6,4.45,1086,2033-01-26
55,75,Auto,30356.38,5.99,153,2042-07-30
40,54,Auto,38994.49,5.55,359,2026-08-31
45,57,Personal,19635.04,4.89,580,2026-01-11
45,58,Mortgage,42324.23,5.25,1190,2042-03-23
15,21,Personal,42684.76,1.96,1476,2048-02-15
28,41,Personal,32850.56,2.81,694,2030-09-22
50,65,Mortgage,15237.0,2.48,845,2050-08-30
50,66,Personal,29065.5,2.95,459,2029-10-01
40,54,Auto,38994.49,5.55,359,2026-08-31
17,25,Mortgage,35994.71,3.52,1342,2048-05-11
66,91,Personal,43727.85,6.46,937,2051-05-23
66,92,Personal,19769.58,6.15,227,2033-02-03
11,14,Auto,33958.37,5.2,1084,2036-09-06
11,16,Mortgage,24333.16,1.79,1386,2025-11-18
66,91,Personal,43727.85,6.46,937,2051-05-23
66,92,Personal,19769.58,6.15,227,2033-02-03
17,25,Mortgage,35994.71,3.52,1342,2048-05-11
6,12,Mortgage,12965.19,7.43,929,2032-12-27
55,75,Auto,30356.38,5.99,153,2042-07-30
50,65,Mortgage,15237.0,2.48,845,2050-08-30
50,66,Personal,29065.5,2.95,459,2029-10-01
53,72,Mortgage,38402.89,4.64,146,2048-01-31
53,74,Mortgage,32936.11,6.22,360,2025-03-21
15,21,Personal,42684.76,1.96,1476,2048-02-15
53,72,Mortgage,38402.89,4.64,146,2048-01-31
53,74,Mortgage,32936.11,6.22,360,2025-03-21
50,65,Mortgage,15237.0,2.48,845,2050-08-30
50,66,Personal,29065.5,2.95,459,2029-10-01
40,54,Auto,38994.49,5.55,359,2026-08-31
47,61,Auto,35115.06,5.87,1340,2027-05-28
46,59,Auto,19426.95,7.29,535,2027-09-17
46,60,Mortgage,13967.51,6.27,1215,2028-12-24
34,50,Personal,8419.93,4.1,668,2038-03-25
50,65,Mortgage,15237.0,2.48,845,2050-08-30
50,66,Personal,29065.5,2.95,459,2029-10-01
16,22,Mortgage,34427.31,4.02,938,2031-01-18
16,23,Auto,17430.29,2.8,1385,2045-12-04
16,24,Auto,14964.93,5.33,357,2042-10-19
26,37,Mortgage,35193.83,1.85,383,2029-09-08
46,59,Auto,19426.95,7.29,535,2027-09-17
46,60,Mortgage,13967.51,6.27,1215,2028-12-24
33,47,Auto,49675.33,3.89,713,2036-08-10
33,48,Personal,31033.48,5.66,1411,2051-04-06
46,59,Auto,19426.95,7.29,535,2027-09-17
46,60,Mortgage,13967.51,6.27,1215,2028-12-24
39,53,Mortgage,27719.17,1.54,774,2053-07-27
2,2,Mortgage,32428.9,2.12,541,2050-01-08
2,3,Personal,31406.77,4.63,424,2038-10-12
2,5,Auto,27873.08,7.03,750,2037-06-03
22,34,Personal,48233.91,4.7,1433,2048-03-25
22,35,Mortgage,5710.02,5.45,1428,2047-03-11
39,53,Mortgage,27719.17,1.54,774,2053-07-27
58,79,Mortgage,48863.64,2.42,696,2034-05-16
60,82,Personal,33579.17,4.84,922,2029-09-09
60,83,Mortgage,20706.59,5.64,420,2047-04-20
34,50,Personal,8419.93,4.1,668,2038-03-25
30,43,Auto,48933.91,4.43,219,2036-11-01
41,55,Personal,28988.77,3.06,83,2028-05-28
4,9,Personal,11074.47,5.36,773,2032-05-06
4,10,Personal,38903.23,2.28,561,2042-10-07
7,13,Mortgage,37664.6,4.45,1086,2033-01-26
38,52,Auto,47203.82,5.28,532,2044-11-15
50,65,Mortgage,15237.0,2.48,845,2050-08-30
50,66,Personal,29065.5,2.95,459,2029-10-01
34,50,Personal,8419.93,4.1,668,2038-03-25
3,6,Auto,25666.75,6.84,1225,2039-04-28
3,7,Personal,23853.85,7.41,1491,2038-02-12
3,8,Personal,8092.2,2.85,596,2036-04-08
66,91,Personal,43727.85,6.46,937,2051-05-23
66,92,Personal,19769.58,6.15,227,2033-02-03
39,53,Mortgage,27719.17,1.54,774,2053-07-27
75,108,Mortgage,7941.64,2.2,1442,2032-05-21
75,109,Personal,47272.64,5.35,462,2028-09-24
60,82,Personal,33579.17,4.84,922,2029-09-09
60,83,Mortgage,20706.59,5.64,420,2047-04-20
16,22,Mortgage,34427.31,4.02,938,2031-01-18
16,23,Auto,17430.29,2.8,1385,2045-12-04
16,24,Auto,14964.93,5.33,357,2042-10-19
3,6,Auto,25666.75,6.84,1225,2039-04-28
3,7,Personal,23853.85,7.41,1491,2038-02-12
3,8,Personal,8092.2,2.85,596,2036-04-08
75,108,Mortgage,7941.64,2.2,1442,2032-05-21
75,109,Personal,47272.64,5.35,462,2028-09-24
67,94,Auto,35885.02,5.32,1375,2037-08-19
67,96,Auto,10490.65,2.46,1248,2032-09-14
50,65,Mortgage,15237.0,2.48,845,2050-08-30
50,66,Personal,29065.5,2.95,459,2029-10-01
60,82,Personal,33579.17,4.84,922,2029-09-09
60,83,Mortgage,20706.59,5.64,420,2047-04-20
6,12,Mortgage,12965.19,7.43,929,2032-12-27
79,113,Personal,14765.02,4.49,873,2032-08-04
79,114,Auto,14372.77,3.14,657,2028-12-22
79,115,Auto,33774.39,3.97,88,2036-08-07
28,41,Personal,32850.56,2.81,694,2030-09-22
75,108,Mortgage,7941.64,2.2,1442,2032-05-21
75,109,Personal,47272.64,5.35,462,2028-09-24
6,12,Mortgage,12965.19,7.43,929,2032-12-27
20,28,Mortgage,35911.84,4.0,1142,2045-02-21
20,30,Personal,26011.89,6.82,11,2049-05-18
46,59,Auto,19426.95,7.29,535,2027-09-17
46,60,Mortgage,13967.51,6.27,1215,2028-12-24
22,34,Personal,48233.91,4.7,1433,2048-03-25
22,35,Mortgage,5710.02,5.45,1428,2047-03-11
68,97,Auto,38654.49,7.2,1303,2026-04-06
20,28,Mortgage,35911.84,4.0,1142,2045-02-21
20,30,Personal,26011.89,6.82,11,2049-05-18
60,82,Personal,33579.17,4.84,922,2029-09-09
60,83,Mortgage,20706.59,5.64,420,2047-04-20
5,11,Personal,18162.6,2.12,1409,2028-11-08
59,81,Mortgage,42415.32,1.81,277,2039-07-31
11,14,Auto,33958.37,5.2,1084,2036-09-06
11,16,Mortgage,24333.16,1.79,1386,2025-11-18
50,65,Mortgage,15237.0,2.48,845,2050-08-30
50,66,Personal,29065.5,2.95,459,2029-10-01
22,34,Personal,48233.91,4.7,1433,2048-03-25
22,35,Mortgage,5710.02,5.45,1428,2047-03-11
5,11,Personal,18162.6,2.12,1409,2028-11-08
28,41,Personal,32850.56,2.81,694,2030-09-22
17,25,Mortgage,35994.71,3.52,1342,2048-05-11
27,38,Personal,38009.14,5.8,1197,2052-03-25
30,43,Auto,48933.91,4.43,219,2036-11-01
51,67,Auto,44125.94,6.1,642,2046-01-04
51,69,Personal,30019.7,7.25,877,2047-06-19
51,70,Mortgage,46713.9,2.13,25,2033-08-24
51,71,Personal,45761.17,7.22,992,2043-11-06
6,12,Mortgage,12965.19,7.43,929,2032-12-27
50,65,Mortgage,15237.0,2.48,845,2050-08-30
50,66,Personal,29065.5,2.95,459,2029-10-01
50,65,Mortgage,15237.0,2.48,845,2050-08-30
50,66,Personal,29065.5,2.95,459,2029-10-01
2,2,Mortgage,32428.9,2.12,541,2050-01-08
2,3,Personal,31406.77,4.63,424,2038-10-12
2,5,Auto,27873.08,7.03,750,2037-06-03
47,61,Auto,35115.06,5.87,1340,2027-05-28
28,41,Personal,32850.56,2.81,694,2030-09-22
6,12,Mortgage,12965.19,7.43,929,2032-12-27
27,38,Personal,38009.14,5.8,1197,2052-03-25
41,55,Personal,28988.77,3.06,83,2028-05-28
47,61,Auto,35115.06,5.87,1340,2027-05-28
34,50,Personal,8419.93,4.1,668,2038-03-25
28,41,Personal,32850.56,2.81,694,2030-09-22
3,6,Auto,25666.75,6.84,1225,2039-04-28
3,7,Personal,23853.85,7.41,1491,2038-02-12
3,8,Personal,8092.2,2.85,596,2036-04-08
22,34,Personal,48233.91,4.7,1433,2048-03-25
22,35,Mortgage,5710.02,5.45,1428,2047-03-11
66,91,Personal,43727.85,6.46,937,2051-05-23
66,92,Personal,19769.58,6.15,227,2033-02-03
26,37,Mortgage,35193.83,1.85,383,2029-09-08
27,38,Personal,38009.14,5.8,1197,2052-03-25
39,53,Mortgage,27719.17,1.54,774,2053-07-27
3,6,Auto,25666.75,6.84,1225,2039-04-28
3,7,Personal,23853.85,7.41,1491,2038-02-12
3,8,Personal,8092.2,2.85,596,2036-04-08
27,38,Personal,38009.14,5.8,1197,2052-03-25
35,51,Auto,20109.87,4.66,547,2053-07-24
38,52,Auto,47203.82,5.28,532,2044-11-15
15,21,Personal,42684.76,1.96,1476,2048-02-15
57,77,Personal,11928.9,3.05,107,2035-09-03
57,78,Personal,22108.89,6.6,1023,2026-08-27
40,54,Auto,38994.49,5.55,359,2026-08-31
48,62,Auto,32793.41,3.97,243,2042-06-07
48,63,Auto,36341.34,4.43,515,2045-04-13
48,64,Mortgage,49303.25,3.12,233,2044-05-31
51,67,Auto,44125.94,6.1,642,2046-01-04
51,69,Personal,30019.7,7.25,877,2047-06-19
51,70,Mortgage,46713.9,2.13,25,2033-08-24
51,71,Personal,45761.17,7.22,992,2043-11-06
68,97,Auto,38654.49,7.2,1303,2026-04-06
60,82,Personal,33579.17,4.84,922,2029-09-09
60,83,Mortgage,20706.59,5.64,420,2047-04-20
34,50,Personal,8419.93,4.1,668,2038-03-25
12,17,Auto,26360.24,2.89,239,2026-05-20
79,113,Personal,14765.02,4.49,873,2032-08-04
79,114,Auto,14372.77,3.14,657,2028-12-22
79,115,Auto,33774.39,3.97,88,2036-08-07
17,25,Mortgage,35994.71,3.52,1342,2048-05-11
12,17,Auto,26360.24,2.89,239,2026-05-20
61,84,Mortgage,25100.13,7.29,496,2046-11-02
61,84,Mortgage,25100.13,7.29,496,2046-11-02
72,106,Personal,20834.23,7.49,265,2044-10-18
50,65,Mortgage,15237.0,2.48,845,2050-08-30
50,66,Personal,29065.5,2.95,459,2029-10-01
27,38,Personal,38009.14,5.8,1197,2052-03-25
4,9,Personal,11074.47,5.36,773,2032-05-06
4,10,Personal,38903.23,2.28,561,2042-10-07
17,25,Mortgage,35994.71,3.52,1342,2048-05-11
12,17,Auto,26360.24,2.89,239,2026-05-20
50,65,Mortgage,15237.0,2.48,845,2050-08-30
50,66,Personal,29065.5,2.95,459,2029-10-01
63,89,Mortgage,36110.97,6.9,881,2031-04-08
63,90,Mortgage,25453.13,5.76,937,2026-07-02
62,86,Personal,41527.61,5.85,248,2031-12-30
62,87,Mortgage,15916.26,6.87,408,2041-08-14
62,88,Personal,46270.1,6.0,1139,2030-11-25
60,82,Personal,33579.17,4.84,922,2029-09-09
60,83,Mortgage,20706.59,5.64,420,2047-04-20
72,106,Personal,20834.23,7.49,265,2044-10-18
28,41,Personal,32850.56,2.81,694,2030-09-22
33,47,Auto,49675.33,3.89,713,2036-08-10
33,48,Personal,31033.48,5.66,1411,2051-04-06
26,37,Mortgage,35193.83,1.85,383,2029-09-08
34,50,Personal,8419.93,4.1,668,2038-03-25
33,47,Auto,49675.33,3.89,713,2036-08-10
33,48,Personal,31033.48,5.66,1411,2051-04-06
2,2,Mortgage,32428.9,2.12,541,2050-01-08
2,3,Personal,31406.77,4.63,424,2038-10-12
2,5,Auto,27873.08,7.03,750,2037-06-03
6,12,Mortgage,12965.19,7.43,929,2032-12-27
68,97,Auto,38654.49,7.2,1303,2026-04-06
30,43,Auto,48933.91,4.43,219,2036-11-01
47,61,Auto,35115.06,5.87,1340,2027-05-28
40,54,Auto,38994.49,5.55,359,2026-08-31
27,38,Personal,38009.14,5.8,1197,2052-03-25
60,82,Personal,33579.17,4.84,922,2029-09-09
60,83,Mortgage,20706.59,5.64,420,2047-04-20
59,81,Mortgage,42415.32,1.81,277,2039-07-31
33,47,Auto,49675.33,3.89,713,2036-08-10
33,48,Personal,31033.48,5.66,1411,2051-04-06
79,113,Personal,14765.02,4.49,873,2032-08-04
79,114,Auto,14372.77,3.14,657,2028-12-22
79,115,Auto,33774.39,3.97,88,2036-08-07
20,28,Mortgage,35911.84,4.0,1142,2045-02-21
20,30,Personal,26011.89,6.82,11,2049-05-18
41,55,Personal,28988.77,3.06,83,2028-05-28
39,53,Mortgage,27719.17,1.54,774,2053-07-27
17,25,Mortgage,35994.71,3.52,1342,2048-05-11
72,106,Personal,20834.23,7.49,265,2044-10-18
11,14,Auto,33958.37,5.2,1084,2036-09-06
11,16,Mortgage,24333.16,1.79,1386,2025-11-18
68,97,Auto,38654.49,7.2,1303,2026-04-06
6,12,Mortgage,12965.19,7.43,929,2032-12-27
12,17,Auto,26360.24,2.89,239,2026-05-20
43,56,Auto,39189.96,6.36,1307,2027-03-06
75,108,Mortgage,7941.64,2.2,1442,2032-05-21
75,109,Personal,47272.64,5.35,462,2028-09-24
17,25,Mortgage,35994.71,3.52,1342,2048-05-11
7,13,Mortgage,37664.6,4.45,1086,2033-01-26
39,53,Mortgage,27719.17,1.54,774,2053-07-27
50,65,Mortgage,15237.0,2.48,845,2050-08-30
50,66,Personal,29065.5,2.95,459,2029-10-01
59,81,Mortgage,42415.32,1.81,277,2039-07-31
67,94,Auto,35885.02,5.32,1375,2037-08-19
67,96,Auto,10490.65,2.46,1248,2032-09-14
39,53,Mortgage,27719.17,1.54,774,2053-07-27
17,25,Mortgage,35994.71,3.52,1342,2048-05-11
50,65,Mortgage,15237.0,2.48,845,2050-08-30
50,66,Personal,29065.5,2.95,459,2029-10-01
34,50,Personal,8419.93,4.1,668,2038-03-25
15,21,Personal,42684.76,1.96,1476,2048-02-15
78,110,Personal,36095.18,4.43,18,2037-07-08
78,111,Auto,13231.5,5.89,408,2029-08-28
78,112,Mortgage,34771.89,6.08,251,2031-08-16
3,6,Auto,25666.75,6.84,1225,2039-04-28
3,7,Personal,23853.85,7.41,1491,2038-02-12
3,8,Personal,8092.2,2.85,596,2036-04-08
46,59,Auto,19426.95,7.29,535,2027-09-17
46,60,Mortgage,13967.51,6.27,1215,2028-12-24
58,79,Mortgage,48863.64,2.42,696,2034-05-16
46,59,Auto,19426.95,7.29,535,2027-09-17
46,60,Mortgage,13967.51,6.27,1215,2028-12-24
7,13,Mortgage,37664.6,4.45,1086,2033-01-26
63,89,Mortgage,36110.97,6.9,881,2031-04-08
63,90,Mortgage,25453.13,5.76,937,2026-07-02
40,54,Auto,38994.49,5.55,359,2026-08-31
38,52,Auto,47203.82,5.28,532,2044-11-15
55,75,Auto,30356.38,5.99,153,2042-07-30
16,22,Mortgage,34427.31,4.02,938,2031-01-18
16,23,Auto,17430.29,2.8,1385,2045-12-04
16,24,Auto,14964.93,5.33,357,2042-10-19
17,25,Mortgage,35994.71,3.52,1342,2048-05-11
48,62,Auto,32793.41,3.97,243,2042-06-07
48,63,Auto,36341.34,4.43,515,2045-04-13
48,64,Mortgage,49303.25,3.12,233,2044-05-31
16,22,Mortgage,34427.31,4.02,938,2031-01-18
16,23,Auto,17430.29,2.8,1385,2045-12-04
16,24,Auto,14964.93,5.33,357,2042-10-19
12,17,Auto,26360.24,2.89,239,2026-05-20
57,77,Personal,11928.9,3.05,107,2035-09-03
57,78,Personal,22108.89,6.6,1023,2026-08-27
11,14,Auto,33958.37,5.2,1084,2036-09-06
11,16,Mortgage,24333.16,1.79,1386,2025-11-18
39,53,Mortgage,27719.17,1.54,774,2053-07-27
61,84,Mortgage,25100.13,7.29,496,2046-11-02
40,54,Auto,38994.49,5.55,359,2026-08-31
78,110,Personal,36095.18,4.43,18,2037-07-08
78,111,Auto,13231.5,5.89,408,2029-08-28
78,112,Mortgage,34771.89,6.08,251,2031-08-16
81,116,Personal,37566.46,6.78,768,2045-10-06
82,117,Mortgage,39006.44,6.79,1276,2040-02-28
47,61,Auto,35115.06,5.87,1340,2027-05-28
50,65,Mortgage,15237.0,2.48,845,2050-08-30
50,66,Personal,29065.5,2.95,459,2029-10-01
22,34,Personal,48233.91,4.7,1433,2048-03-25
22,35,Mortgage,5710.02,5.45,1428,2047-03-11
12,17,Auto,26360.24,2.89,239,2026-05-20
33,47,Auto,49675.33,3.89,713,2036-08-10
33,48,Personal,31033.48,5.66,1411,2051-04-06
12,17,Auto,26360.24,2.89,239,2026-05-20
59,81,Mortgage,42415.32,1.81,277,2039-07-31
13,19,Mortgage,19565.92,3.28,1063,2050-11-01
17,25,Mortgage,35994.71,3.52,1342,2048-05-11
39,53,Mortgage,27719.17,1.54,774,2053-07-27
40,54,Auto,38994.49,5.55,359,2026-08-31
60,82,Personal,33579.17,4.84,922,2029-09-09
60,83,Mortgage,20706.59,5.64,420,2047-04-20
28,41,Personal,32850.56,2.81,694,2030-09-22
47,61,Auto,35115.06,5.87,1340,2027-05-28
28,41,Personal,32850.56,2.81,694,2030-09-22
5,11,Personal,18162.6,2.12,1409,2028-11-08
15,21,Personal,42684.76,1.96,1476,2048-02-15
39,53,Mortgage,27719.17,1.54,774,2053-07-27
83,118,Mortgage,41497.68,4.26,1308,2042-09-23
83,119,Auto,39458.35,4.59,1040,2029-03-07
83,120,Mortgage,34275.16,4.38,1243,2035-10-14
39,53,Mortgage,27719.17,1.54,774,2053-07-27
82,117,Mortgage,39006.44,6.79,1276,2040-02-28
5,11,Personal,18162.6,2.12,1409,2028-11-08
15,21,Personal,42684.76,1.96,1476,2048-02-15
33,47,Auto,49675.33,3.89,713,2036-08-10
33,48,Personal,31033.48,5.66,1411,2051-04-06
11,14,Auto,33958.37,5.2,1084,2036-09-06
11,16,Mortgage,24333.16,1.79,1386,2025-11-18
2,2,Mortgage,32428.9,2.12,541,2050-01-08
2,3,Personal,31406.77,4.63,424,2038-10-12
2,5,Auto,27873.08,7.03,750,2037-06-03
15,21,Personal,42684.76,1.96,1476,2048-02-15
66,91,Personal,43727.85,6.46,937,2051-05-23
66,92,Personal,19769.58,6.15,227,2033-02-03
4,9,Personal,11074.47,5.36,773,2032-05-06
4,10,Personal,38903.23,2.28,561,2042-10-07
15,21,Personal,42684.76,1.96,1476,2048-02-15
72,106,Personal,20834.23,7.49,265,2044-10-18
84,121,Mortgage,40181.66,3.54,1458,2034-08-06
84,122,Personal,11369.33,4.66,1356,2042-03-22
84,123,Auto,31200.58,2.35,187,2030-04-29
7,13,Mortgage,37664.6,4.45,1086,2033-01-26
15,21,Personal,42684.76,1.96,1476,2048-02-15
40,54,Auto,38994.49,5.55,359,2026-08-31
6,12,Mortgage,12965.19,7.43,929,2032-12-27
39,53,Mortgage,27719.17,1.54,774,2053-07-27
12,17,Auto,26360.24,2.89,239,2026-05-20
66,91,Personal,43727.85,6.46,937,2051-05-23
66,92,Personal,19769.58,6.15,227,2033-02-03
35,51,Auto,20109.87,4.66,547,2053-07-24
50,65,Mortgage,15237.0,2.48,845,2050-08-30
50,66,Personal,29065.5,2.95,459,2029-10-01
7,13,Mortgage,37664.6,4.45,1086,2033-01-26
11,14,Auto,33958.37,5.2,1084,2036-09-06
11,16,Mortgage,24333.16,1.79,1386,2025-11-18
79,113,Personal,14765.02,4.49,873,2032-08-04
79,114,Auto,14372.77,3.14,657,2028-12-22
79,115,Auto,33774.39,3.97,88,2036-08-07
28,41,Personal,32850.56,2.81,694,2030-09-22
7,13,Mortgage,37664.6,4.45,1086,2033-01-26
5,11,Personal,18162.6,2.12,1409,2028-11-08
16,22,Mortgage,34427.31,4.02,938,2031-01-18
16,23,Auto,17430.29,2.8,1385,2045-12-04
16,24,Auto,14964.93,5.33,357,2042-10-19
59,81,Mortgage,42415.32,1.81,277,2039-07-31
45,57,Personal,19635.04,4.89,580,2026-01-11
45,58,Mortgage,42324.23,5.25,1190,2042-03-23
57,77,Personal,11928.9,3.05,107,2035-09-03
57,78,Personal,22108.89,6.6,1023,2026-08-27
46,59,Auto,19426.95,7.29,535,2027-09-17
46,60,Mortgage,13967.51,6.27,1215,2028-12-24
28,41,Personal,32850.56,2.81,694,2030-09-22
15,21,Personal,42684.76,1.96,1476,2048-02-15
79,113,Personal,14765.02,4.49,873,2032-08-04
79,114,Auto,14372.77,3.14,657,2028-12-22
79,115,Auto,33774.39,3.97,88,2036-08-07
39,53,Mortgage,27719.17,1.54,774,2053-07-27
81,116,Personal,37566.46,6.78,768,2045-10-06
34,50,Personal,8419.93,4.1,668,2038-03-25
12,17,Auto,26360.24,2.89,239,2026-05-20
85,125,Mortgage,48681.51,3.28,652,2035-05-09
85,126,Personal,44785.92,1.55,177,2050-08-25
67,94,Auto,35885.02,5.32,1375,2037-08-19
67,96,Auto,10490.65,2.46,1248,2032-09-14
86,127,Personal,6815.56,2.9,1146,2033-12-16
86,128,Auto,15095.53,4.58,665,2053-12-08
86,130,Personal,33481.52,5.06,1291,2048-08-02
16,22,Mortgage,34427.31,4.02,938,2031-01-18
16,23,Auto,17430.29,2.8,1385,2045-12-04
16,24,Auto,14964.93,5.33,357,2042-10-19
27,38,Personal,38009.14,5.8,1197,2052-03-25
35,51,Auto,20109.87,4.66,547,2053-07-24
47,61,Auto,35115.06,5.87,1340,2027-05-28
83,118,Mortgage,41497.68,4.26,1308,2042-09-23
83,119,Auto,39458.35,4.59,1040,2029-03-07
83,120,Mortgage,34275.16,4.38,1243,2035-10-14
34,50,Personal,8419.93,4.1,668,2038-03-25
43,56,Auto,39189.96,6.36,1307,2027-03-06
11,14,Auto,33958.37,5.2,1084,2036-09-06
11,16,Mortgage,24333.16,1.79,1386,2025-11-18
5,11,Personal,18162.6,2.12,1409,2028-11-08
40,54,Auto,38994.49,5.55,359,2026-08-31
17,25,Mortgage,35994.71,3.52,1342,2048-05-11
26,37,Mortgage,35193.83,1.85,383,2029-09-08
66,91,Personal,43727.85,6.46,937,2051-05-23
66,92,Personal,19769.58,6.15,227,2033-02-03
21,31,Auto,26282.21,3.51,9,2049-11-06
21,32,Mortgage,40432.8,4.29,1387,2052-01-14
21,33,Auto,49124.49,5.58,1040,2031-07-07
55,75,Auto,30356.38,5.99,153,2042-07-30
81,116,Personal,37566.46,6.78,768,2045-10-06
20,28,Mortgage,35911.84,4.0,1142,2045-02-21
20,30,Personal,26011.89,6.82,11,2049-05-18
34,50,Personal,8419.93,4.1,668,2038-03-25
62,86,Personal,41527.61,5.85,248,2031-12-30
62,87,Mortgage,15916.26,6.87,408,2041-08-14
62,88,Personal,46270.1,6.0,1139,2030-11-25
27,38,Personal,38009.14,5.8,1197,2052-03-25
27,38,Personal,38009.14,5.8,1197,2052-03-25
16,22,Mortgage,34427.31,4.02,938,2031-01-18
16,23,Auto,17430.29,2.8,1385,2045-12-04
16,24,Auto,14964.93,5.33,357,2042-10-19
75,108,Mortgage,7941.64,2.2,1442,2032-05-21
75,109,Personal,47272.64,5.35,462,2028-09-24
48,62,Auto,32793.41,3.97,243,2042-06-07
48,63,Auto,36341.34,4.43,515,2045-04-13
48,64,Mortgage,49303.25,3.12,233,2044-05-31
6,12,Mortgage,12965.19,7.43,929,2032-12-27
5,11,Personal,18162.6,2.12,1409,2028-11-08
7,13,Mortgage,37664.6,4.45,1086,2033-01-26
71,99,Auto,48052.8,4.42,1372,2037-12-01
71,100,Mortgage,14654.12,6.76,1095,2046-02-02
71,101,Personal,8884.16,5.5,712,2045-10-05
71,104,Personal,42162.58,1.54,538,2027-07-04
48,62,Auto,32793.41,3.97,243,2042-06-07
48,63,Auto,36341.34,4.43,515,2045-04-13
48,64,Mortgage,49303.25,3.12,233,2044-05-31
28,41,Personal,32850.56,2.81,694,2030-09-22
59,81,Mortgage,42415.32,1.81,277,2039-07-31
6,12,Mortgage,12965.19,7.43,929,2032-12-27
5,11,Personal,18162.6,2.12,1409,2028-11-08
39,53,Mortgage,27719.17,1.54,774,2053-07-27
22,34,Personal,48233.91,4.7,1433,2048-03-25
22,35,Mortgage,5710.02,5.45,1428,2047-03-11
81,116,Personal,37566.46,6.78,768,2045-10-06
5,11,Personal,18162.6,2.12,1409,2028-11-08
6,12,Mortgage,12965.19,7.43,929,2032-12-27
34,50,Personal,8419.93,4.1,668,2038-03-25
61,84,Mortgage,25100.13,7.29,496,2046-11-02
50,65,Mortgage,15237.0,2.48,845,2050-08-30
50,66,Personal,29065.5,2.95,459,2029-10-01
43,56,Auto,39189.96,6.36,1307,2027-03-06
17,25,Mortgage,35994.71,3.52,1342,2048-05-11
17,25,Mortgage,35994.71,3.52,1342,2048-05-11
6,12,Mortgage,12965.19,7.43,929,2032-12-27
40,54,Auto,38994.49,5.55,359,2026-08-31
72,106,Personal,20834.23,7.49,265,2044-10-18
50,65,Mortgage,15237.0,2.48,845,2050-08-30
50,66,Personal,29065.5,2.95,459,2029-10-01
38,52,Auto,47203.82,5.28,532,2044-11-15
17,25,Mortgage,35994.71,3.52,1342,2048-05-11
28,41,Personal,32850.56,2.81,694,2030-09-22
17,25,Mortgage,35994.71,3.52,1342,2048-05-11
3,6,Auto,25666.75,6.84,1225,2039-04-28
3,7,Personal,23853.85,7.41,1491,2038-02-12
3,8,Personal,8092.2,2.85,596,2036-04-08
75,108,Mortgage,7941.64,2.2,1442,2032-05-21
75,109,Personal,47272.64,5.35,462,2028-09-24
50,65,Mortgage,15237.0,2.48,845,2050-08-30
50,66,Personal,29065.5,2.95,459,2029-10-01
39,53,Mortgage,27719.17,1.54,774,2053-07-27
39,53,Mortgage,27719.17,1.54,774,2053-07-27
39,53,Mortgage,27719.17,1.54,774,2053-07-27
38,52,Auto,47203.82,5.28,532,2044-11-15
40,54,Auto,38994.49,5.55,359,2026-08-31
68,97,Auto,38654.49,7.2,1303,2026-04-06
72,106,Personal,20834.23,7.49,265,2044-10-18
46,59,Auto,19426.95,7.29,535,2027-09-17
46,60,Mortgage,13967.51,6.27,1215,2028-12-24
50,65,Mortgage,15237.0,2.48,845,2050-08-30
50,66,Personal,29065.5,2.95,459,2029-10-01
35,51,Auto,20109.87,4.66,547,2053-07-24
27,38,Personal,38009.14,5.8,1197,2052-03-25
66,91,Personal,43727.85,6.46,937,2051-05-23
66,92,Personal,19769.58,6.15,227,2033-02-03
79,113,Personal,14765.02,4.49,873,2032-08-04
79,114,Auto,14372.77,3.14,657,2028-12-22
79,115,Auto,33774.39,3.97,88,2036-08-07
68,97,Auto,38654.49,7.2,1303,2026-04-06
50,65,Mortgage,15237.0,2.48,845,2050-08-30
50,66,Personal,29065.5,2.95,459,2029-10-01
6,12,Mortgage,12965.19,7.43,929,2032-12-27
22,34,Personal,48233.91,4.7,1433,2048-03-25
22,35,Mortgage,5710.02,5.45,1428,2047-03-11
6,12,Mortgage,12965.19,7.43,929,2032-12-27
39,53,Mortgage,27719.17,1.54,774,2053-07-27
50,65,Mortgage,15237.0,2.48,845,2050-08-30
50,66,Personal,29065.5,2.95,459,2029-10-01
2,2,Mortgage,32428.9,2.12,541,2050-01-08
2,3,Personal,31406.77,4.63,424,2038-10-12
2,5,Auto,27873.08,7.03,750,2037-06-03
58,79,Mortgage,48863.64,2.42,696,2034-05-16
83,118,Mortgage,41497.68,4.26,1308,2042-09-23
83,119,Auto,39458.35,4.59,1040,2029-03-07
83,120,Mortgage,34275.16,4.38,1243,2035-10-14
66,91,Personal,43727.85,6.46,937,2051-05-23
66,92,Personal,19769.58,6.15,227,2033-02-03
72,106,Personal,20834.23,7.49,265,2044-10-18
61,84,Mortgage,25100.13,7.29,496,2046-11-02
62,86,Personal,41527.61,5.85,248,2031-12-30
62,87,Mortgage,15916.26,6.87,408,2041-08-14
62,88,Personal,46270.1,6.0,1139,2030-11-25
84,121,Mortgage,40181.66,3.54,1458,2034-08-06
84,122,Personal,11369.33,4.66,1356,2042-03-22
84,123,Auto,31200.58,2.35,187,2030-04-29
16,22,Mortgage,34427.31,4.02,938,2031-01-18
16,23,Auto,17430.29,2.8,1385,2045-12-04
16,24,Auto,14964.93,5.33,357,2042-10-19
12,17,Auto,26360.24,2.89,239,2026-05-20
59,81,Mortgage,42415.32,1.81,277,2039-07-31
38,52,Auto,47203.82,5.28,532,2044-11-15
33,47,Auto,49675.33,3.89,713,2036-08-10
33,48,Personal,31033.48,5.66,1411,2051-04-06
46,59,Auto,19426.95,7.29,535,2027-09-17
46,60,Mortgage,13967.51,6.27,1215,2028-12-24
40,54,Auto,38994.49,5.55,359,2026-08-31
38,52,Auto,47203.82,5.28,532,2044-11-15
78,110,Personal,36095.18,4.43,18,2037-07-08
78,111,Auto,13231.5,5.89,408,2029-08-28
78,112,Mortgage,34771.89,6.08,251,2031-08-16
35,51,Auto,20109.87,4.66,547,2053-07-24
16,22,Mortgage,34427.31,4.02,938,2031-01-18
16,23,Auto,17430.29,2.8,1385,2045-12-04
16,24,Auto,14964.93,5.33,357,2042-10-19
30,43,Auto,48933.91,4.43,219,2036-11-01
3,6,Auto,25666.75,6.84,1225,2039-04-28
3,7,Personal,23853.85,7.41,1491,2038-02-12
3,8,Personal,8092.2,2.85,596,2036-04-08
28,41,Personal,32850.56,2.81,694,2030-09-22
46,59,Auto,19426.95,7.29,535,2027-09-17
46,60,Mortgage,13967.51,6.27,1215,2028-12-24
66,91,Personal,43727.85,6.46,937,2051-05-23
66,92,Personal,19769.58,6.15,227,2033-02-03
40,54,Auto,38994.49,5.55,359,2026-08-31
17,25,Mortgage,35994.71,3.52,1342,2048-05-11
33,47,Auto,49675.33,3.89,713,2036-08-10
33,48,Personal,31033.48,5.66,1411,2051-04-06
67,94,Auto,35885.02,5.32,1375,2037-08-19
67,96,Auto,10490.65,2.46,1248,2032-09-14
33,47,Auto,49675.33,3.89,713,2036-08-10
33,48,Personal,31033.48,5.66,1411,2051-04-06
4,9,Personal,11074.47,5.36,773,2032-05-06
4,10,Personal,38903.23,2.28,561,2042-10-07
12,17,Auto,26360.24,2.89,239,2026-05-20
15,21,Personal,42684.76,1.96,1476,2048-02-15
39,53,Mortgage,27719.17,1.54,774,2053-07-27
12,17,Auto,26360.24,2.89,239,2026-05-20
22,34,Personal,48233.91,4.7,1433,2048-03-25
22,35,Mortgage,5710.02,5.45,1428,2047-03-11
86,127,Personal,6815.56,2.9,1146,2033-12-16
86,128,Auto,15095.53,4.58,665,2053-12-08
86,130,Personal,33481.52,5.06,1291,2048-08-02
27,38,Personal,38009.14,5.8,1197,2052-03-25
62,86,Personal,41527.61,5.85,248,2031-12-30
62,87,Mortgage,15916.26,6.87,408,2041-08-14
62,88,Personal,46270.1,6.0,1139,2030-11-25
50,65,Mortgage,15237.0,2.48,845,2050-08-30
50,66,Personal,29065.5,2.95,459,2029-10-01
39,53,Mortgage,27719.17,1.54,774,2053-07-27
84,121,Mortgage,40181.66,3.54,1458,2034-08-06
84,122,Personal,11369.33,4.66,1356,2042-03-22
84,123,Auto,31200.58,2.35,187,2030-04-29
33,47,Auto,49675.33,3.89,713,2036-08-10
33,48,Personal,31033.48,5.66,1411,2051-04-06
60,82,Personal,33579.17,4.84,922,2029-09-09
60,83,Mortgage,20706.59,5.64,420,2047-04-20
12,17,Auto,26360.24,2.89,239,2026-05-20
4,9,Personal,11074.47,5.36,773,2032-05-06
4,10,Personal,38903.23,2.28,561,2042-10-07
50,65,Mortgage,15237.0,2.48,845,2050-08-30
50,66,Personal,29065.5,2.95,459,2029-10-01
57,77,Personal,11928.9,3.05,107,2035-09-03
57,78,Personal,22108.89,6.6,1023,2026-08-27
47,61,Auto,35115.06,5.87,1340,2027-05-28
4,9,Personal,11074.47,5.36,773,2032-05-06
4,10,Personal,38903.23,2.28,561,2042-10-07
26,37,Mortgage,35193.83,1.85,383,2029-09-08
26,37,Mortgage,35193.83,1.85,383,2029-09-08
39,53,Mortgage,27719.17,1.54,774,2053-07-27
58,79,Mortgage,48863.64,2.42,696,2034-05-16
62,86,Personal,41527.61,5.85,248,2031-12-30
62,87,Mortgage,15916.26,6.87,408,2041-08-14
62,88,Personal,46270.1,6.0,1139,2030-11-25
62,86,Personal,41527.61,5.85,248,2031-12-30
62,87,Mortgage,15916.26,6.87,408,2041-08-14
62,88,Personal,46270.1,6.0,1139,2030-11-25
58,79,Mortgage,48863.64,2.42,696,2034-05-16
3,6,Auto,25666.75,6.84,1225,2039-04-28
3,7,Personal,23853.85,7.41,1491,2038-02-12
3,8,Personal,8092.2,2.85,596,2036-04-08
2,2,Mortgage,32428.9,2.12,541,2050-01-08
2,3,Personal,31406.77,4.63,424,2038-10-12
2,5,Auto,27873.08,7.03,750,2037-06-03
29,42,Mortgage,13931.18,3.35,396,2036-10-09
79,113,Personal,14765.02,4.49,873,2032-08-04
79,114,Auto,14372.77,3.14,657,2028-12-22
79,115,Auto,33774.39,3.97,88,2036-08-07
38,52,Auto,47203.82,5.28,532,2044-11-15
17,25,Mortgage,35994.71,3.52,1342,2048-05-11
27,38,Personal,38009.14,5.8,1197,2052-03-25
12,17,Auto,26360.24,2.89,239,2026-05-20
7,13,Mortgage,37664.6,4.45,1086,2033-01-26
30,43,Auto,48933.91,4.43,219,2036-11-01
2,2,Mortgage,32428.9,2.12,541,2050-01-08
2,3,Personal,31406.77,4.63,424,2038-10-12
2,5,Auto,27873.08,7.03,750,2037-06-03
60,82,Personal,33579.17,4.84,922,2029-09-09
60,83,Mortgage,20706.59,5.64,420,2047-04-20
16,22,Mortgage,34427.31,4.02,938,2031-01-18
16,23,Auto,17430.29,2.8,1385,2045-12-04
16,24,Auto,14964.93,5.33,357,2042-10-19
41,55,Personal,28988.77,3.06,83,2028-05-28
16,22,Mortgage,34427.31,4.02,938,2031-01-18
16,23,Auto,17430.29,2.8,1385,2045-12-04
16,24,Auto,14964.93,5.33,357,2042-10-19
60,82,Personal,33579.17,4.84,922,2029-09-09
60,83,Mortgage,20706.59,5.64,420,2047-04-20
72,106,Personal,20834.23,7.49,265,2044-10-18
12,17,Auto,26360.24,2.89,239,2026-05-20
38,52,Auto,47203.82,5.28,532,2044-11-15
50,65,Mortgage,15237.0,2.48,845,2050-08-30
50,66,Personal,29065.5,2.95,459,2029-10-01
29,42,Mortgage,13931.18,3.35,396,2036-10-09
45,57,Personal,19635.04,4.89,580,2026-01-11
45,58,Mortgage,42324.23,5.25,1190,2042-03-23
7,13,Mortgage,37664.6,4.45,1086,2033-01-26
83,118,Mortgage,41497.68,4.26,1308,2042-09-23
83,119,Auto,39458.35,4.59,1040,2029-03-07
83,120,Mortgage,34275.16,4.38,1243,2035-10-14
6,12,Mortgage,12965.19,7.43,929,2032-12-27
32,45,Mortgage,19607.01,2.93,1296,2033-05-07
32,46,Auto,39348.0,4.95,40,2030-01-30
50,65,Mortgage,15237.0,2.48,845,2050-08-30
50,66,Personal,29065.5,2.95,459,2029-10-01
28,41,Personal,32850.56,2.81,694,2030-09-22
27,38,Personal,38009.14,5.8,1197,2052-03-25
7,13,Mortgage,37664.6,4.45,1086,2033-01-26
22,34,Personal,48233.91,4.7,1433,2048-03-25
22,35,Mortgage,5710.02,5.45,1428,2047-03-11
12,17,Auto,26360.24,2.89,239,2026-05-20
46,59,Auto,19426.95,7.29,535,2027-09-17
46,60,Mortgage,13967.51,6.27,1215,2028-12-24
85,125,Mortgage,48681.51,3.28,652,2035-05-09
85,126,Personal,44785.92,1.55,177,2050-08-25
43,56,Auto,39189.96,6.36,1307,2027-03-06
58,79,Mortgage,48863.64,2.42,696,2034-05-16
40,54,Auto,38994.49,5.55,359,2026-08-31
12,17,Auto,26360.24,2.89,239,2026-05-20
55,75,Auto,30356.38,5.99,153,2042-07-30
7,13,Mortgage,37664.6,4.45,1086,2033-01-26
72,106,Personal,20834.23,7.49,265,2044-10-18
3,6,Auto,25666.75,6.84,1225,2039-04-28
3,7,Personal,23853.85,7.41,1491,2038-02-12
3,8,Personal,8092.2,2.85,596,2036-04-08
57,77,Personal,11928.9,3.05,107,2035-09-03
57,78,Personal,22108.89,6.6,1023,2026-08-27
67,94,Auto,35885.02,5.32,1375,2037-08-19
67,96,Auto,10490.65,2.46,1248,2032-09-14
40,54,Auto,38994.49,5.55,359,2026-08-31
75,108,Mortgage,7941.64,2.2,1442,2032-05-21
75,109,Personal,47272.64,5.35,462,2028-09-24
60,82,Personal,33579.17,4.84,922,2029-09-09
60,83,Mortgage,20706.59,5.64,420,2047-04-20
27,38,Personal,38009.14,5.8,1197,2052-03-25
32,45,Mortgage,19607.01,2.93,1296,2033-05-07
32,46,Auto,39348.0,4.95,40,2030-01-30
39,53,Mortgage,27719.17,1.54,774,2053-07-27
34,50,Personal,8419.93,4.1,668,2038-03-25
11,14,Auto,33958.37,5.2,1084,2036-09-06
11,16,Mortgage,24333.16,1.79,1386,2025-11-18
28,41,Personal,32850.56,2.81,694,2030-09-22
38,52,Auto,47203.82,5.28,532,2044-11-15
2,2,Mortgage,32428.9,2.12,541,2050-01-08
2,3,Personal,31406.77,4.63,424,2038-10-12
2,5,Auto,27873.08,7.03,750,2037-06-03
35,51,Auto,20109.87,4.66,547,2053-07-24
40,54,Auto,38994.49,5.55,359,2026-08-31
6,12,Mortgage,12965.19,7.43,929,2032-12-27
12,17,Auto,26360.24,2.89,239,2026-05-20
60,82,Personal,33579.17,4.84,922,2029-09-09
60,83,Mortgage,20706.59,5.64,420,2047-04-20
27,38,Personal,38009.14,5.8,1197,2052-03-25
63,89,Mortgage,36110.97,6.9,881,2031-04-08
63,90,Mortgage,25453.13,5.76,937,2026-07-02
12,17,Auto,26360.24,2.89,239,2026-05-20
30,43,Auto,48933.91,4.43,219,2036-11-01
11,14,Auto,33958.37,5.2,1084,2036-09-06
11,16,Mortgage,24333.16,1.79,1386,2025-11-18
57,77,Personal,11928.9,3.05,107,2035-09-03
57,78,Personal,22108.89,6.6,1023,2026-08-27
21,31,Auto,26282.21,3.51,9,2049-11-06
21,32,Mortgage,40432.8,4.29,1387,2052-01-14
21,33,Auto,49124.49,5.58,1040,2031-07-07
34,50,Personal,8419.93,4.1,668,2038-03-25
38,52,Auto,47203.82,5.28,532,2044-11-15
50,65,Mortgage,15237.0,2.48,845,2050-08-30
50,66,Personal,29065.5,2.95,459,2029-10-01
61,84,Mortgage,25100.13,7.29,496,2046-11-02
60,82,Personal,33579.17,4.84,922,2029-09-09
60,83,Mortgage,20706.59,5.64,420,2047-04-20
66,91,Personal,43727.85,6.46,937,2051-05-23
66,92,Personal,19769.58,6.15,227,2033-02-03
5,11,Personal,18162.6,2.12,1409,2028-11-08
5,11,Personal,18162.6,2.12,1409,2028-11-08
34,50,Personal,8419.93,4.1,668,2038-03-25
7,13,Mortgage,37664.6,4.45,1086,2033-01-26
60,82,Personal,33579.17,4.84,922,2029-09-09
60,83,Mortgage,20706.59,5.64,420,2047-04-20
6,12,Mortgage,12965.19,7.43,929,2032-12-27
39,53,Mortgage,27719.17,1.54,774,2053-07-27
26,37,Mortgage,35193.83,1.85,383,2029-09-08
39,53,Mortgage,27719.17,1.54,774,2053-07-27
35,51,Auto,20109.87,4.66,547,2053-07-24
60,82,Personal,33579.17,4.84,922,2029-09-09
60,83,Mortgage,20706.59,5.64,420,2047-04-20
50,65,Mortgage,15237.0,2.48,845,2050-08-30
50,66,Personal,29065.5,2.95,459,2029-10-01
48,62,Auto,32793.41,3.97,243,2042-06-07
48,63,Auto,36341.34,4.43,515,2045-04-13
48,64,Mortgage,49303.25,3.12,233,2044-05-31
60,82,Personal,33579.17,4.84,922,2029-09-09
60,83,Mortgage,20706.59,5.64,420,2047-04-20
20,28,Mortgage,35911.84,4.0,1142,2045-02-21
20,30,Personal,26011.89,6.82,11,2049-05-18
5,11,Personal,18162.6,2.12,1409,2028-11-08
6,12,Mortgage,12965.19,7.43,929,2032-12-27
